mes,ventas_miles_usd,pedidos,entregas_a_tiempo_pct,merma_pct,dias_cobro,rotacion_personal_pct
2025-01,3047,1279,96.1,1.89,53,2.1
2025-02,3032,1273,94.6,1.98,54,2.2
2025-03,3168,1330,94.7,2.07,55,2.6
2025-04,3184,1337,93.6,2.16,56,2.1
2025-05,3202,1344,93.4,2.25,57,2.3
2025-06,3255,1367,93.7,2.34,58,1.8
2025-07,3352,1407,93.0,2.43,59,2.3
2025-08,3365,1413,92.5,2.52,60,2.1
2025-09,3461,1453,91.4,2.61,64,2.6
2025-10,3534,1484,91.4,2.7,65,2.2
2025-11,3661,1537,90.8,2.79,66,2.5
2025-12,3616,1518,90.1,2.88,67,2.3
